1	2
1	3
2	6
3	4
3	16
4	8
5	6
5	9
6	20
7	8
7	14
8	10
9	12
10	22
10	28
11	12
11	17
12	15
13	14
13	19
14	18
15	21
15	24
16	20
16	22
17	23
18	28
18	42
19	30
20	21
21	25
22	35
23	27
23	41
24	40
24	47
25	40
25	49
26	30
26	32
27	37
28	34
29	32
29	36
30	43
31	33
31	46
32	68
33	36
34	35
34	56
35	44
36	61
37	38
37	69
38	50
39	46
39	48
40	54
41	47
41	75
42	58
42	59
43	52
43	58
44	45
44	49
45	67
45	97
46	55
47	51
48	60
49	80
50	64
51	53
51	79
52	70
52	93
53	57
53	85
54	57
54	71
55	63
55	87
56	59
56	66
57	88
58	77
59	65
60	62
60	86
61	72
61	84
62	76
63	72
63	108
64	69
64	83
65	77
65	89
66	67
66	89
67	98
68	81
68	84
69	75
70	81
70	118
71	80
71	88
72	82
73	76
73	91
74	75
74	78
74	114
76	94
77	92
78	79
78	125
79	85
80	90
81	116
82	107
82	111
83	95
84	103
85	102
86	87
86	117
87	96
88	102
89	99
90	101
90	136
91	106
92	93
92	105
93	118
94	117
94	133
95	114
95	120
96	110
96	139
97	100
97	101
98	100
98	109
99	105
99	109
100	153
101	151
102	113
103	104
103	126
104	107
104	155
105	115
106	112
106	133
107	128
108	110
108	119
109	142
110	149
111	119
111	128
112	130
113	123
113	125
114	124
115	131
115	135
116	122
116	126
117	127
118	121
119	160
120	150
121	122
121	129
122	134
123	136
123	175
124	132
124	157
125	137
126	146
127	139
127	147
128	144
129	131
129	180
130	145
131	169
132	137
132	183
133	143
134	152
134	170
135	138
135	171
136	140
137	158
138	141
138	190
139	154
140	164
140	187
141	142
141	189
142	153
143	148
143	167
144	155
144	159
145	156
145	167
146	152
146	163
147	148
147	179
148	185
149	154
149	162
150	157
150	166
151	164
151	168
152	176
153	168
154	179
155	165
156	181
157	177
158	172
158	192
159	174
159	202
160	161
160	174
161	162
161	211
162	194
163	165
163	199
164	188
165	203
166	195
167	206
168	173
169	171
169	184
170	176
170	180
171	191
172	175
172	247
173	204
173	212
174	178
175	196
176	199
177	182
177	228
178	218
178	220
179	198
180	186
181	223
182	183
182	239
183	192
184	186
184	222
185	198
185	209
186	197
187	201
187	205
188	204
188	205
189	190
189	212
190	193
191	193
191	221
192	236
193	246
194	208
194	211
195	227
196	201
196	247
197	207
197	234
198	208
199	200
200	207
200	225
201	243
202	203
202	219
203	217
204	216
205	210
206	214
206	223
207	241
208	213
209	214
209	229
210	244
210	255
211	220
212	215
213	229
213	231
214	271
215	237
215	238
216	240
216	242
217	225
217	263
218	219
218	230
219	261
220	232
221	222
221	258
222	235
223	224
224	226
225	262
226	260
226	277
227	228
227	245
228	239
229	272
230	233
230	274
231	248
231	276
232	233
232	248
233	290
234	235
234	251
235	264
236	249
236	257
237	240
237	270
238	246
238	270
239	256
240	269
241	251
241	265
242	244
242	269
243	253
243	255
244	266
245	281
246	259
247	249
248	254
249	250
250	252
250	293
251	279
252	253
252	303
253	296
254	283
254	295
255	267
256	257
256	282
257	314
258	259
258	264
259	310
260	275
261	263
261	274
262	265
262	278
263	278
264	300
265	287
266	268
266	299
267	268
267	294
268	308
269	284
270	302
271	273
271	277
272	273
272	276
273	336
274	286
275	304
276	280
277	292
278	289
279	287
279	300
280	291
280	330
281	297
282	297
282	315
283	291
283	305
284	285
284	299
285	302
285	329
286	288
286	298
287	313
288	289
288	326
289	301
290	295
290	298
291	333
292	306
292	338
293	314
293	334
294	307
294	308
295	305
296	303
296	307
297	309
298	342
299	311
300	316
301	322
301	326
302	312
303	337
304	306
305	335
306	331
307	353
308	319
309	324
309	327
310	312
310	317
311	321
311	341
312	328
313	323
313	325
314	315
315	320
316	318
316	325
317	318
317	365
318	364
319	321
319	353
320	327
320	361
321	346
322	323
322	350
323	347
324	359
325	358
326	344
327	355
328	329
328	352
329	341
330	332
330	333
331	349
332	336
332	374
333	340
334	337
334	361
335	343
335	354
336	339
337	383
338	339
338	363
339	375
340	343
340	374
341	345
342	348
342	354
343	382
344	348
344	351
345	346
345	368
346	357
347	358
347	384
348	376
349	363
350	351
350	379
351	396
352	365
352	367
353	356
354	381
355	372
355	373
356	357
356	371
357	380
358	360
359	369
360	364
360	366
361	362
362	373
362	409
363	370
364	378
365	377
366	390
366	400
367	368
367	394
368	393
369	372
369	391
370	405
371	383
371	399
372	407
373	386
374	385
375	387
375	405
376	388
376	401
377	389
377	394
378	389
378	406
379	384
379	396
380	397
380	399
381	382
381	388
382	392
383	395
384	390
385	387
385	392
386	407
386	422
387	412
388	410
389	418
390	398
391	421
392	411
393	397
393	424
394	414
395	409
395	447
396	402
397	429
398	404
398	413
399	416
400	404
400	406
401	403
401	417
402	403
402	419
403	439
404	436
405	408
406	420
407	423
408	433
409	415
410	417
410	425
411	427
411	428
412	427
412	434
413	419
413	435
414	424
414	426
415	422
415	441
416	429
416	460
417	440
418	426
418	431
419	448
420	431
420	443
421	432
422	437
423	432
423	438
424	430
425	428
425	445
426	464
427	442
428	449
429	450
430	455
430	456
431	444
432	451
433	434
434	461
435	436
435	453
436	443
437	438
437	459
438	470
439	440
439	448
440	445
441	459
441	468
442	454
442	463
443	446
444	458
444	465
445	457
446	458
446	476
447	460
447	469
448	452
449	454
449	467
450	456
450	471
451	462
452	453
452	474
453	481
454	484
455	466
455	483
456	483
457	467
457	472
458	489
459	480
460	471
461	463
462	470
462	478
463	477
464	465
464	466
465	479
466	473
467	492
468	469
468	485
469	494
470	486
471	475
472	474
472	501
473	493
473	505
474	510
475	497
475	500
476	481
476	490
477	488
478	495
479	489
479	503
480	482
480	486
481	507
482	485
482	519
483	487
484	488
484	496
485	502
486	509
487	491
487	493
489	490
490	504
491	499
491	529
492	496
492	501
493	508
494	500
494	502
495	511
497	498
497	521
498	499
498	528
499	533
500	518
501	506
502	523
503	504
503	505
504	517
505	516
506	515
507	512
507	517
508	514
508	531
509	513
509	520
510	512
510	515
511	513
512	527
513	532
514	516
514	539
516	530
517	522
518	521
518	526
519	520
519	523
520	541
521	524
522	530
522	537
523	525
524	535
524	542
525	526
525	546
526	545
527	540
528	535
528	536
529	531
529	533
530	534
531	538
532	543
533	536
534	544
534	556
535	552
536	547
537	540
537	548
538	539
538	562
539	544
541	549
541	550
542	545
542	552
543	550
544	559
545	555
546	549
546	558
547	554
547	564
548	556
549	565
550	551
551	563
552	553
553	554
553	561
554	572
555	558
555	561
556	557
557	560
558	570
559	560
559	566
561	573
562	564
562	566
563	567
564	568
565	567
565	569
568	572
569	571
570	571
570	575
572	574
573	576
573	577
574	577
575	576
